{"BlueInsight_FerryBox.C3_CDOMFluorescence": {"unit": "ppb", "locationOnVessel": "Ferrybox Cabinet", "sensorInstrumentType": "C3_CDOMFluorescence"}, "BlueInsight_FerryBox.C3_CHLAFluorescence": {"unit": "\u00b5g/L", "locationOnVessel": "Ferrybox Cabinet", "sensorInstrumentType": "C3_CHLAFluorescence"}, "BlueInsight_FerryBox.C3_Temperature": {"unit": "degrees C", "locationOnVessel": "Ferrybox Cabinet", "sensorInstrumentType": "C3_Temperature"}, "BlueInsight_FerryBox.C3_Turbidity": {"unit": "NTU", "locationOnVessel": "Ferrybox Cabinet", "sensorInstrumentType": "C3_Turbidity"}, "BlueInsight_FerryBox.FLOW_Flow": {"unit": "L/min", "locationOnVessel": "Deck 1", "sensorInstrumentType": "FLOW_Flow"}, "BlueInsight_FerryBox.FLOW_Temperature": {"unit": "degC", "locationOnVessel": "Deck 1", "sensorInstrumentType": "FLOW_Temperature"}, "BlueInsight_FerryBox.INLET_Temperature": {"data error": "no sensor data", "unit": "degrees C", "locationOnVessel": "Inlet", "sensorInstrumentType": "INLET_Temperature"}, "BlueInsight_FerryBox.Optode_Concentration": {"unit": "uM", "locationOnVessel": "Ferrybox Cabinet", "sensorInstrumentType": "Optode_Concentration"}, "BlueInsight_FerryBox.Optode_Saturation": {"unit": "%", "locationOnVessel": "Ferrybox Cabinet", "sensorInstrumentType": "Optode_Saturation"}, "BlueInsight_FerryBox.Optode_Temperature": {"unit": "degrees C", "locationOnVessel": "Ferrybox Cabinet", "sensorInstrumentType": "Optode_Temperature"}, "BlueInsight_FerryBox.SBE45_Conductivity": {"unit": "S/m", "locationOnVessel": "Ferrybox Cabinet", "sensorInstrumentType": "SBE45_Salinity"}, "BlueInsight_FerryBox.SBE45_Salinity": {"unit": "PSU", "locationOnVessel": "Ferrybox Cabinet", "sensorInstrumentType": "SBE45_Salinity"}, "BlueInsight_NMEA.Humidity": {"unit": "%", "locationOnVessel": "TODO", "sensorInstrumentType": "TODO"}, "BlueInsight_NMEA.Temperatur": {"unit": "degrees C", "locationOnVessel": "TODO", "sensorInstrumentType": "TODO"}, "BlueInsight_NMEA.Trykk": {"unit": "mbar", "locationOnVessel": "TODO", "sensorInstrumentType": "TODO"}, "BlueInsight_NMEA.Wave_Height": {"data error": "no sensor data", "unit": "m", "locationOnVessel": "TODO", "sensorInstrumentType": "TODO"}, "BlueInsight_NMEA.Wind_Angle": {"unit": "degrees", "locationOnVessel": "TODO", "sensorInstrumentType": "TODO"}, "BlueInsight_NMEA.Wind_Speed": {"unit": "knots", "locationOnVessel": "TODO", "sensorInstrumentType": "TODO"}, "BlueInsight_PCO2.atm_cond": {"unit": "TODO", "locationOnVessel": "TODO", "sensorInstrumentType": "PCO2_atm_cond"}, "BlueInsight_PCO2.CO2_umm": {"unit": "TODO", "locationOnVessel": "TODO", "sensorInstrumentType": "PCO2_CO2_umm"}, "BlueInsight_PCO2.cond_temp": {"unit": "TODO", "locationOnVessel": "TODO", "sensorInstrumentType": "PCO2_cond_temp"}, "BlueInsight_PCO2.drip_1": {"unit": "TODO", "locationOnVessel": "TODO", "sensorInstrumentType": "PCO2_drip_1"}, "BlueInsight_PCO2.dry_box_temp": {"unit": "TODO", "locationOnVessel": "TODO", "sensorInstrumentType": "PCO2_dry_box_temp"}, "BlueInsight_PCO2.equ_cond": {"unit": "TODO", "locationOnVessel": "TODO", "sensorInstrumentType": "PCO2_equ_cond"}, "BlueInsight_PCO2.equ_press": {"unit": "TODO", "locationOnVessel": "TODO", "sensorInstrumentType": "PCO2_equ_press"}, "BlueInsight_PCO2.equ_pump": {"unit": "TODO", "locationOnVessel": "TODO", "sensorInstrumentType": "PCO2_equ_pump"}, "BlueInsight_PCO2.equ_temp": {"unit": "TODO", "locationOnVessel": "TODO", "sensorInstrumentType": "PCO2_equ_temp"}, "BlueInsight_PCO2.error": {"unit": "TODO", "locationOnVessel": "TODO", "sensorInstrumentType": "PCO2_error"}, "BlueInsight_PCO2.H2O_flow": {"unit": "TODO", "locationOnVessel": "TODO", "sensorInstrumentType": "PCO2_H2O_flow"}, "BlueInsight_PCO2.H2O_mmm": {"unit": "TODO", "locationOnVessel": "TODO", "sensorInstrumentType": "PCO2_H2O_mmm"}, "BlueInsight_PCO2.licor_flow": {"unit": "TODO", "locationOnVessel": "TODO", "sensorInstrumentType": "PCO2_licor_flow"}, "BlueInsight_PCO2.licor_press": {"unit": "TODO", "locationOnVessel": "TODO", "sensorInstrumentType": "PCO2_licor_press"}, "BlueInsight_PCO2.licor_temp": {"unit": "TODO", "locationOnVessel": "TODO", "sensorInstrumentType": "PCO2_licor_temp"}, "BlueInsight_PCO2.Type": {"unit": "TODO", "locationOnVessel": "N/A", "sensorInstrumentType": "PCO2_Type"}, "BlueInsight_PCO2.vent_flow": {"unit": "TODO", "locationOnVessel": "TODO", "sensorInstrumentType": "PCO2_vent_flow"}, "BlueInsight_PCO2.WB_Pressure": {"unit": "TODO", "locationOnVessel": "TODO", "sensorInstrumentType": "PCO2_WB_Pressure"}}