{"FerryBox.C3_CDOMFluorescence": {"unit": "ppb", "locationOnVessel": "Ferrybox Cabinet", "sensorInstrumentType": "C3_CDOMFluorescence"}, "FerryBox.C3_CHLAFluorescence": {"unit": "\u00b5g/L", "locationOnVessel": "Ferrybox Cabinet", "sensorInstrumentType": "C3_CHLAFluorescence"}, "FerryBox.C3_Temperature": {"unit": "degrees C", "locationOnVessel": "Ferrybox Cabinet", "sensorInstrumentType": "C3_Temperature"}, "FerryBox.C3_Turbidity": {"unit": "NTU", "locationOnVessel": "Ferrybox Cabinet", "sensorInstrumentType": "C3_Turbidity"}, "FerryBox.FLOW_Flow": {"unit": "L/min", "locationOnVessel": "Deck 1", "sensorInstrumentType": "FLOW_Flow"}, "FerryBox.FLOW_Temperature": {"unit": "degC", "locationOnVessel": "Deck 1", "sensorInstrumentType": "FLOW_Temperature"}, "FerryBox.INLET_Temperature": {"unit": "degrees C", "locationOnVessel": "Inlet", "sensorInstrumentType": "INLET_Temperature"}, "FerryBox.Optode_Concentration": {"unit": "uM", "locationOnVessel": "Ferrybox Cabinet", "sensorInstrumentType": "Optode_Concentration"}, "FerryBox.Optode_Saturation": {"unit": "%", "locationOnVessel": "Ferrybox Cabinet", "sensorInstrumentType": "Optode_Saturation"}, "FerryBox.Optode_Temperature": {"unit": "degrees C", "locationOnVessel": "Ferrybox Cabinet", "sensorInstrumentType": "Optode_Temperature"}, "FerryBox.SBE45_Conductivity": {"unit": "S/m", "locationOnVessel": "Ferrybox Cabinet", "sensorInstrumentType": "SBE45_Salinity"}, "FerryBox.SBE45_Salinity": {"unit": "PSU", "locationOnVessel": "Ferrybox Cabinet", "sensorInstrumentType": "SBE45_Salinity"}, "NMEA.Humidity": {"unit": "%", "locationOnVessel": "TODO", "sensorInstrumentType": "TODO"}, "NMEA.Temperature": {"unit": "degrees C", "locationOnVessel": "TODO", "sensorInstrumentType": "TODO"}, "NMEA.AirPressure": {"unit": "mbar", "locationOnVessel": "TODO", "sensorInstrumentType": "TODO"}, "NMEA.Wave_Height": {"unit": "m", "locationOnVessel": "TODO", "sensorInstrumentType": "Wave_Height"}, "NMEA.Wind_Angle": {"unit": "degrees", "locationOnVessel": "TODO", "sensorInstrumentType": "TODO"}, "NMEA.Wind_Speed": {"unit": "knots", "locationOnVessel": "TODO", "sensorInstrumentType": "TODO"}, "PCO2.atm_cond": {"unit": "TODO", "locationOnVessel": "TODO", "sensorInstrumentType": "PCO2_atm_cond"}, "PCO2.CO2_umm": {"unit": "TODO", "locationOnVessel": "TODO", "sensorInstrumentType": "PCO2_CO2_umm"}, "PCO2.cond_temp": {"unit": "TODO", "locationOnVessel": "TODO", "sensorInstrumentType": "PCO2_cond_temp"}, "PCO2.drip_1": {"unit": "TODO", "locationOnVessel": "TODO", "sensorInstrumentType": "PCO2_drip_1"}, "PCO2.dry_box_temp": {"unit": "TODO", "locationOnVessel": "TODO", "sensorInstrumentType": "PCO2_dry_box_temp"}, "PCO2.equ_cond": {"unit": "TODO", "locationOnVessel": "TODO", "sensorInstrumentType": "PCO2_equ_cond"}, "PCO2.equ_press": {"unit": "TODO", "locationOnVessel": "TODO", "sensorInstrumentType": "PCO2_equ_press"}, "PCO2.equ_pump": {"unit": "TODO", "locationOnVessel": "TODO", "sensorInstrumentType": "PCO2_equ_pump"}, "PCO2.equ_temp": {"unit": "TODO", "locationOnVessel": "TODO", "sensorInstrumentType": "PCO2_equ_temp"}, "PCO2.H2O_flow": {"unit": "TODO", "locationOnVessel": "TODO", "sensorInstrumentType": "PCO2_H2O_flow"}, "PCO2.H2O_mmm": {"unit": "TODO", "locationOnVessel": "TODO", "sensorInstrumentType": "PCO2_H2O_mmm"}, "PCO2.licor_flow": {"unit": "TODO", "locationOnVessel": "TODO", "sensorInstrumentType": "PCO2_licor_flow"}, "PCO2.licor_press": {"unit": "TODO", "locationOnVessel": "TODO", "sensorInstrumentType": "PCO2_licor_press"}, "PCO2.licor_temp": {"unit": "TODO", "locationOnVessel": "TODO", "sensorInstrumentType": "PCO2_licor_temp"}, "PCO2.std_val": {"unit": "TODO", "locationOnVessel": "TODO", "sensorInstrumentType": "PCO2_std_val"}, "PCO2.vent_flow": {"unit": "TODO", "locationOnVessel": "TODO", "sensorInstrumentType": "PCO2_vent_flow"}}